id,Firstname,Lastname,Country,Email,DOB
1,Sheryl,Baxter,Chile,zunigavanessa@smith.info,8/24/2020
2,Preston,Lozano,Djibouti,vmata@colon.com,4/23/2021
3,Roy,Berry,Antigua and Barbuda,beckycarr@hogan.com,3/25/2020
4,Linda,Olsen,Dominican Republic,stanleyblackwell@benson.org,6/2/2020
5,Joanna,Bender,Slovakia (Slovak Republic),colinalvarado@miles.net,4/17/2021
6,Aimee,Downs,Bosnia and Herzegovina,louis27@gilbert.com,2/25/2020
7,Darren,Peck,Pitcairn Islands,tgates@cantrell.com,8/24/2021
8,Brett,Mullen,Bulgaria,asnow@colon.com,4/12/2021
9,Sheryl,Meyers,Cyprus,mariokhan@ryan-pope.org,1/13/2020
10,Michelle,Gallagher,Timor-Leste,mdyer@escobar.net,11/8/2021
11,Carl,Schroeder,Guernsey,kirksalas@webb.com,10/20/2021
12,Jenna,Dodson,Vietnam,mark42@robbins.com,11/29/2020
13,Tracey,Mata,Togo,alex56@walls.org,12/2/2021
14,Kristine,Cox,Sri Lanka,holdenmiranda@clarke.com,2/8/2021
15,Faith,Lutz,Singapore,cassieparrish@blevins-chapman.net,1/26/2022
16,Miranda,Beasley,Oman,vduncan@parks-hardy.com,4/12/2022
17,Caroline,Foley,Western Sahara,holtgwendolyn@watson-davenport.com,3/10/2021
18,Greg,Mata,Mozambique,jaredjuarez@carroll.org,3/26/2022
19,Clifford,Jacobson,South Georgia and the South Sandwich Islands,joseph26@jacobson.com,9/24/2020
20,Joanna,Kirk,French Polynesia,tuckerangie@salazar.net,9/24/2021
21,Maxwell,Frye,Malta,fgibson@drake-webb.com,1/12/2022
22,Kiara,Houston,Netherlands,blanchardbob@wallace-shannon.com,9/15/2020
23,Colleen,Howard,Paraguay,rsingleton@ryan-cherry.com,8/19/2020
24,Janet,Valenzuela,Lao People's Democratic Republic,stefanie71@spence.com,9/8/2020
25,Shane,Wilcox,Albania,mariah88@santos.com,4/6/2021
26,Marcus,Moody,Panama,donnamullins@norris-barrett.org,5/24/2022
27,Dakota,Poole,Belarus,stacey67@fields.org,2/20/2022
28,Frederick,Harper,Switzerland,jacobkhan@bright.biz,5/26/2022
29,Stefanie,Fitzpatrick,Saint Vincent and the Grenadines,wterrell@clark.com,7/30/2020
30,Kent,Bradshaw,Tanzania,qjimenez@boyd.com,4/26/2020
31,Jack,Tate,Zimbabwe,gfigueroa@boone-zavala.com,9/15/2021
32,Tom,Trujillo,Denmark,tapiagreg@beard.info,1/13/2022
33,Gabriel,Mejia,Liechtenstein,coleolson@jennings.net,4/24/2021
34,Kaitlyn,Santana,United States of America,georgeross@miles.org,9/21/2021
35,Faith,Moon,Bahamas,willistonya@randolph-baker.com,11/3/2021
36,Tammie,Haley,Belize,harrisisaiah@jenkins.com,1/4/2022
37,Nicholas,Sosa,Uruguay,fwolfe@dorsey.com,8/10/2021
38,Jordan,Gay,Solomon Islands,tiffanydavies@harris-mcfarland.org,2/24/2021
39,Bruce,Esparza,Montenegro,preese@frye-vega.com,10/22/2021
40,Sherry,Garza,Poland,ann48@miller.com,11/1/2021
41,Natalie,Gentry,Dominican Republic,tcummings@fitzpatrick-ashley.com,10/10/2020
42,Bryan,Dunn,Burkina Faso,woodwardandres@phelps.com,9/8/2021
43,Wayne,Simpson,Bolivia,barbarapittman@holder.com,12/13/2020
44,Luis,Greer,Bulgaria,bstuart@williamson-mcclure.com,5/15/2022
45,Rhonda,Frost,Monaco,zkrueger@wolf-chavez.net,12/6/2021
46,Joanne,Montes,Palau,juan80@henson.net,7/1/2020
47,Geoffrey,Guzman,Uzbekistan,bauercrystal@gay.com,4/23/2020
48,Gloria,Mccall,Ghana,bartlettjenna@zuniga-moss.biz,3/11/2022
49,Brady,Cohen,United Arab Emirates,mccalltyrone@durham-rose.biz,3/10/2022
50,Latoya,Mccann,Belarus,bobhammond@barry.biz,12/2/2021
51,Gerald,Hawkins,Canada,uwarner@steele-arias.com,3/19/2021
52,Samuel,Crawford,Algeria,xpittman@ritter-carney.net,3/27/2021
53,Patricia,Goodwin,Swaziland,vaughanchristy@lara.biz,3/8/2021
54,Stacie,Richard,Madagascar,clinton85@colon-arias.org,10/15/2020
55,Robin,West,Ecuador,greenemiranda@zimmerman.com,1/13/2022
56,Ralph,Haas,Palestinian Territory,goodmancesar@figueroa.biz,5/25/2020
57,Phyllis,Maldonado,Saint Barthelemy,yhanson@warner-diaz.org,1/25/2021
58,Danny,Parrish,United Arab Emirates,howelldarren@house-cohen.com,3/17/2021
59,Kathy,Hill,South Georgia and the South Sandwich Islands,ncamacho@boone-simmons.org,11/15/2020
60,Kelli,Hardy,Sao Tome and Principe,kristopher62@oliver.com,12/20/2020
61,Lynn,Pham,Portugal,mpham@rios-guzman.com,8/21/2020
62,Shelley,Harris,Togo,zachary96@mitchell-bryant.org,12/10/2020
63,Eddie,Jimenez,Ethiopia,kristiwhitney@bernard.com,3/24/2022
64,Chloe,Hutchinson,Netherlands,leah85@sutton-terrell.com,5/15/2022
65,Eileen,Lynch,Liberia,levigiles@vincent.com,1/2/2021
66,Fernando,Lambert,Lithuania,fisherlinda@schaefer.net,4/23/2021
67,Makayla,Cannon,New Caledonia,scottcurtis@hurley.biz,1/20/2020
68,Tom,Alvarado,Kiribati,nicholsonnina@montgomery.info,8/18/2020
69,Virginia,Dudley,French Southern Territories,zvalencia@phelps.com,1/31/2021
70,Riley,Good,Canada,alex06@galloway.com,2/3/2020
71,Alexandria,Buck,Iran,lee48@manning.com,2/20/2021
72,Richard,Roth,Morocco,aharper@maddox-townsend.org,2/23/2020
73,Candice,Keller,Zimbabwe,buckleycory@odonnell.net,8/22/2020
74,Anita,Benson,Russian Federation,angie04@oconnell.com,2/9/2020
75,Regina,Stein,Solomon Islands,zrosario@rojas-hardin.net,1/15/2022
76,Debra,Riddle,United States Virgin Islands,shieldskerry@robles.com,7/11/2020
77,Brittany,Zuniga,Kyrgyz Republic,mchandler@cochran-huerta.org,7/24/2021
78,Cassidy,Mcmahon,Myanmar,katrinalane@fitzgerald.com,10/21/2020
79,Laurie,Pennington,Dominica,cookejill@powell.com,6/8/2020
80,Alejandro,Blair,Iceland,elizabethbarr@ewing.com,9/19/2020
81,Leslie,Jennings,Micronesia,corey75@wiggins.com,11/13/2021
82,Kathleen,Mckay,Saint Vincent and the Grenadines,chloelester@higgins-wilkinson.com,9/12/2021
83,Hunter,Moreno,Isle of Man,isaac26@benton-finley.com,12/28/2020
84,Chad,Davidson,Oman,justinwalters@jimenez.com,11/15/2021
85,Corey,Holt,Fiji,maurice46@morgan.com,2/18/2020
86,Emma,Cunningham,New Zealand,walter83@juarez.org,5/13/2022
87,Duane,Woods,Maldives,kmercer@wagner.com,7/21/2020
88,Alison,Vargas,Benin,vcantu@norton.com,11/10/2020
89,Vernon,Kane,Yemen,hilljesse@barrett.info,4/15/2021
90,Lori,Flowers,Namibia,tyrone77@valenzuela.info,1/9/2021
91,Nina,Chavez,Bhutan,elliserica@frank.com,3/26/2020
92,Shane,Foley,Hungary,nsteele@sparks.com,7/6/2021
93,Collin,Ayers,Anguilla,dudleyemily@gonzales.biz,6/29/2021
94,Sherry,Young,Solomon Islands,alan79@gates-mclaughlin.com,4/4/2021
95,Darrell,Douglas,Mali,grayjean@lowery-good.com,2/17/2022
96,Karl,Greer,Guyana,hhart@jensen.com,1/30/2022
97,Lynn,Atkinson,Sri Lanka,vkemp@ferrell.com,7/10/2021
98,Fred,Guerra,Solomon Islands,swagner@kane.org,9/18/2021
99,Yvonne,Farmer,Aruba,mccarthystephen@horn-green.biz,8/11/2021
100,Clarence,Haynes,Honduras,colleen91@faulkner.biz,3/11/2020
